{
  "poisson_rel_residual": 1.6866741160393703e-15,
  "energy_enstrophy": {
    "time_h": [
      0.0,
      1.0,
      2.0,
      3.0,
      4.0,
      5.0,
      6.0,
      7.0,
      8.0,
      9.0,
      10.0,
      11.0,
      12.0,
      13.0,
      14.0,
      15.0,
      16.0,
      17.0,
      18.0,
      19.0,
      20.0,
      21.0,
      22.0,
      23.0,
      24.0
    ],
    "KE": [
      5.313934577456002e+16,
      5.384716325308167e+16,
      5.487910304970457e+16,
      5.575787558102725e+16,
      5.704466430642156e+16,
      5.820182374697476e+16,
      5.904950414687958e+16,
      5.9555668297694104e+16,
      5.987795395239137e+16,
      6.0158130490201064e+16,
      6.05321110271761e+16,
      6.102583843721032e+16,
      6.170893541523709e+16,
      6.247138627490407e+16,
      6.3025245610113736e+16,
      6.322970736524186e+16,
      6.2941900817570296e+16,
      6.217450668817445e+16,
      6.1127430336736856e+16,
      6.008090837356164e+16,
      5.9419964935345416e+16,
      5.926777202863753e+16,
      5.917547282505075e+16,
      5.8947483680002104e+16,
      5.8850240260321256e+16
    ],
    "enstrophy": [
      11133380.959632969,
      11000597.749563787,
      10821368.468388725,
      10717772.379730094,
      10569347.068633439,
      10470586.75217509,
      10446155.339691631,
      10483089.117996484,
      10541000.562951084,
      10588590.524072088,
      10598318.489900265,
      10565872.261777077,
      10490800.396911671,
      10397029.911505604,
      10353680.962651988,
      10404777.852039171,
      10592877.735882375,
      10904480.670755962,
      11280437.428417709,
      11638693.23589302,
      11890435.807330072,
      12023091.092848929,
      12156561.00848843,
      12350948.859460074,
      12491101.223143253
    ],
    "KE_drift_pct": 10.747016927888636,
    "Ens_drift_pct": 12.195040019137588
  },
  "scale_decomp": {
    "full_12h": {
      "rmse_m": 55.398565155369035,
      "acc": 0.9752431751372184
    },
    "large_12h": {
      "rmse_m": 52.23115186958134,
      "acc": 0.9772946324387357
    },
    "small_12h": {
      "rmse_m": 7.291112917546292,
      "acc": 0.8773953149321979
    },
    "full_24h": {
      "rmse_m": 56.60604359450244,
      "acc": 0.9633888915380187
    },
    "large_24h": {
      "rmse_m": 51.019223168816836,
      "acc": 0.9674943723353402
    },
    "small_24h": {
      "rmse_m": 11.256328505697159,
      "acc": 0.7405089570804246
    }
  },
  "dt_sensitivity": {
    "dt300_12h": {
      "rmse_m": 55.3985562553675,
      "acc": 0.9752431725185623
    },
    "dt300_24h": {
      "rmse_m": 56.60639422757436,
      "acc": 0.9633884877209216
    },
    "dt600_12h": {
      "rmse_m": 55.398565155369035,
      "acc": 0.9752431751372184
    },
    "dt600_24h": {
      "rmse_m": 56.60604359450244,
      "acc": 0.9633888915380187
    },
    "dt900_12h": {
      "rmse_m": 55.39860421895989,
      "acc": 0.9752431762863819
    },
    "dt900_24h": {
      "rmse_m": 56.60461418548707,
      "acc": 0.9633905066896732
    }
  },
  "skill_score_12h": -0.292,
  "skill_score_24h": 0.195
}