{
  "PERSIST_LCC_12h": {
    "rmse_m": 86.8463725832105,
    "bias_m": 5.141914490415575e-13,
    "debiased_rmse_m": 86.84637258321048,
    "acc": 0.9271105440515671
  },
  "PERSIST_LCC_24h": {
    "rmse_m": 98.48927208903652,
    "bias_m": -4.19328575735721e-13,
    "debiased_rmse_m": 98.48927208903652,
    "acc": 0.9060884254303967
  },
  "CTRL_LCC_12h": {
    "rmse_m": 116.67178398662934,
    "bias_m": 4.874416048717654e-13,
    "debiased_rmse_m": 116.67178398662934,
    "acc": 0.8798039379746364
  },
  "CTRL_LCC_24h": {
    "rmse_m": 131.93214595757425,
    "bias_m": -4.458307361632001e-13,
    "debiased_rmse_m": 131.93214595757425,
    "acc": 0.8265200447069525
  },
  "DIFF_LCC_12h": {
    "rmse_m": 114.44140582310807,
    "bias_m": 4.894230748102686e-13,
    "debiased_rmse_m": 114.44140582310807,
    "acc": 0.8808663157594719
  },
  "DIFF_LCC_24h": {
    "rmse_m": 130.7088316863812,
    "bias_m": -4.3592338647068456e-13,
    "debiased_rmse_m": 130.7088316863812,
    "acc": 0.8245991726225368
  },
  "SPONGE_LCC_12h": {
    "rmse_m": 101.60350700634358,
    "bias_m": 4.765435202099983e-13,
    "debiased_rmse_m": 101.60350700634358,
    "acc": 0.9095330018477715
  },
  "SPONGE_LCC_24h": {
    "rmse_m": 123.46592745973378,
    "bias_m": -4.4682147113245167e-13,
    "debiased_rmse_m": 123.46592745973378,
    "acc": 0.8733985829958745
  },
  "DIFF_SPONGE_LCC_12h": {
    "rmse_m": 101.55178534978099,
    "bias_m": 5.032933643797903e-13,
    "debiased_rmse_m": 101.55178534978099,
    "acc": 0.9090875058367351
  },
  "DIFF_SPONGE_LCC_24h": {
    "rmse_m": 124.54041083515831,
    "bias_m": -4.3394191653218147e-13,
    "debiased_rmse_m": 124.54041083515831,
    "acc": 0.8714331935124582
  }
}