{
  "PERSIST_12h": {
    "rmse_m": 35.66226466565117,
    "bias_m": -1.1828851207387263,
    "debiased_rmse_m": 35.64264165117517,
    "acc": 0.9863122338500435,
    "vorticity_acc": 0.5189038654107326,
    "vorticity_rmse_s-1": 8.661544447154038e-05
  },
  "PERSIST_24h": {
    "rmse_m": 65.28560280385545,
    "bias_m": -0.4210129912406873,
    "debiased_rmse_m": 65.28424527804535,
    "acc": 0.9531996553375042,
    "vorticity_acc": 0.3653525065542353,
    "vorticity_rmse_s-1": 0.0001036567683065605
  },
  "CTRL_12h": {
    "rmse_m": 80.81134584775558,
    "bias_m": 60.293112995155035,
    "debiased_rmse_m": 53.807194157278175,
    "acc": 0.9734621867976258,
    "vorticity_acc": 0.331583060172489,
    "vorticity_rmse_s-1": 0.00010769733879176615
  },
  "CTRL_24h": {
    "rmse_m": 546.9999779607955,
    "bias_m": 497.51977265098134,
    "debiased_rmse_m": 227.3390677169823,
    "acc": 0.5153295781787166,
    "vorticity_acc": 0.2253591013625242,
    "vorticity_rmse_s-1": 0.00014165651458125148
  },
  "DIFF_12h": {
    "rmse_m": 54.15407131598774,
    "bias_m": 21.02924811176444,
    "debiased_rmse_m": 49.904249958805494,
    "acc": 0.9732436106787872,
    "vorticity_acc": 0.28583579188454716,
    "vorticity_rmse_s-1": 9.215008189247566e-05
  },
  "DIFF_24h": {
    "rmse_m": 193.71884754035213,
    "bias_m": 173.11834434328492,
    "debiased_rmse_m": 86.93118395720849,
    "acc": 0.9183723163102312,
    "vorticity_acc": 0.10056363664702153,
    "vorticity_rmse_s-1": 0.00010510084870257048
  },
  "SPONGE_12h": {
    "rmse_m": 67.44324753026703,
    "bias_m": 44.73118751305658,
    "debiased_rmse_m": 50.474869995876574,
    "acc": 0.97663997207498,
    "vorticity_acc": 0.3321922543994169,
    "vorticity_rmse_s-1": 0.00010756416341373597
  },
  "SPONGE_24h": {
    "rmse_m": 193.2418004868433,
    "bias_m": 160.69071222712736,
    "debiased_rmse_m": 107.33540170575357,
    "acc": 0.856680785300142,
    "vorticity_acc": 0.22746711334160905,
    "vorticity_rmse_s-1": 0.00013365811606151892
  },
  "DIFF_SPONGE_12h": {
    "rmse_m": 53.11390045610252,
    "bias_m": 21.238063437139314,
    "debiased_rmse_m": 48.68296501961249,
    "acc": 0.9778713319815746,
    "vorticity_acc": 0.2804209575116087,
    "vorticity_rmse_s-1": 9.245444787598531e-05
  },
  "DIFF_SPONGE_24h": {
    "rmse_m": 103.53656101573112,
    "bias_m": 54.862318438438265,
    "debiased_rmse_m": 87.80629523287956,
    "acc": 0.9204989788319716,
    "vorticity_acc": 0.09625419038349801,
    "vorticity_rmse_s-1": 0.00010499950362743391
  }
}